{"cameraMode":{"drawMode":0,"name":"Shaded","section":"Shading Mode"},"sceneLighting":false,"audioPlay":false,"sceneViewState":{"m_AlwaysRefresh":false,"showFog":true,"showSkybox":false,"showFlares":true,"showImageEffects":true,"showParticleSystems":true,"showVisualEffectGraphs":true,"m_FxEnabled":true},"in2DMode":false,"pivot":{"x":-0.4526748061180115,"y":6.576351165771484,"z":-8.784469604492188},"rotation":{"x":-0.47094082832336428,"y":0.03623780980706215,"z":-0.019360141828656198,"w":-0.8812025785446167},"size":1.2091026306152344,"orthographic":false}