{"cameraMode":{"drawMode":0,"name":"Shaded","section":"Shading Mode"},"sceneLighting":false,"audioPlay":false,"sceneViewState":{"m_AlwaysRefresh":false,"showFog":true,"showSkybox":false,"showFlares":true,"showImageEffects":true,"showParticleSystems":true,"showVisualEffectGraphs":true,"m_FxEnabled":true},"in2DMode":false,"pivot":{"x":184.11607360839845,"y":126.4312515258789,"z":-180.96841430664063},"rotation":{"x":0.031181368976831437,"y":-0.015895290300250055,"z":-0.0004892200231552124,"w":-0.9993920922279358},"size":103.07764434814453,"orthographic":false}