{"cameraMode":{"drawMode":0,"name":"Shaded","section":"Shading Mode"},"sceneLighting":false,"audioPlay":false,"sceneViewState":{"m_AlwaysRefresh":false,"showFog":true,"showSkybox":false,"showFlares":true,"showImageEffects":true,"showParticleSystems":true,"showVisualEffectGraphs":true,"m_FxEnabled":true},"in2DMode":false,"pivot":{"x":2.111666202545166,"y":17.515525817871095,"z":196.48573303222657},"rotation":{"x":0.037181414663791659,"y":-0.005400232970714569,"z":-0.00019250054901931435,"w":-0.9993021488189697},"size":103.07764434814453,"orthographic":false}